Workbook

Sheet 智能化中心研发人员盘点
A1: 姓名 | B1: 岗位 | C1: 年龄 | D1: 从业年限 | E1: 出生年月 | F1: 第一学历 | G1: 毕业学校 | H1: 专业 | I1: 毕业时间 | J1: 第二学历 | K1: 毕业学校 | L1: 专业 | M1: 诚信 | N1: 责任 | O1: 协同 | P1: 创新 | Q1: 素质平均分 | R1: 素质等级 | S1: 工作贡献度 | T1: 工作及时性 | U1: 工作质量 | V1: 业绩平均分 | W1: 业绩等级 | X1: 红绿灯定位 | Y1: 潜力-学习敏捷度 | Z1: 潜力-职业抱负 | AA1: 潜力-敬业度 | AB1: 潜力得分 | AC1: 潜力等级 | AD1: 优点 | AE1: 待提升 | AF1: 目前工作 | AG1: 任用建议 | AH1: 离职风险 | AI1: 离职影响 | AJ1: 关键岗位 | AK1: 继任者
A2: 陈嘉明 | B2: 产品经理 | C2: =YEAR(NOW())-_xlfn.NUMBERVALUE(LEFT(E2,4)) -> 31 | D2: =YEAR(NOW())-_xlfn.NUMBERVALUE(LEFT(I2,4)) -> 9 | E2: 1995-05-09 | F2: 本科 | G2: 中国地质大学（北京） | H2: 资源勘查工程（固体矿产） | I2: 2017/6/30 | J2: 硕士 | K2: 中国地质大学（北京） | L2: 矿物学、岩石学、矿床学 | M2: 3 | N2: 3 | O2: 2 | P2: 3 | Q2: =AVERAGE(M2:P2) -> 2.75 | R2: =IF(Q2>=4.75,"高",IF(Q2<=2.5,"低","中")) -> 中 | S2: 2 | T2: 3 | U2: 3 | V2: =AVERAGE(S2:U2) -> 2.6666667 | W2: =IF(V2>=4.75,"高",IF(V2<=2.5,"低","中")) -> 中 | X2: =VLOOKUP(R2&W2,红绿灯对照表!$C$2:$D$11,2,0) -> 2 | Y2: 1 | Z2: 1 | AA2: 2 | AB2: =SUM(Y2:AA2) -> 4 | AC2: =IF(AB2>8,"高",IF(AB2<6,"低","中")) -> 低 | AD2: 自信 | AE2: 谦卑 业务理解 | AF2: 供应链管理系统梳理、西宁智慧电厂交付 | AG2: 向高手学习 | AH2: 中 | AI2: 低 | AJ2: 否 | AK2: 杨雪儿
A3: 褚宏豪 | B3: 产品经理 | C3: =YEAR(NOW())-_xlfn.NUMBERVALUE(LEFT(E3,4)) -> 25 | D3: =YEAR(NOW())-_xlfn.NUMBERVALUE(LEFT(I3,4)) -> 5 | E3: 2001-02-11 | F3: 大专 | G3: 济南职业学院 | H3: 计算机科学与技术 | I3: 2021/7/1 | M3: 5 | N3: 5 | O3: 5 | P3: 3 | Q3: =AVERAGE(M3:P3) -> 4.5 | R3: =IF(Q3>=4.75,"高",IF(Q3<=2.5,"低","中")) -> 中 | S3: 4 | T3: 5 | U3: 4 | V3: =AVERAGE(S3:U3) -> 4.3333333 | W3: =IF(V3>=4.75,"高",IF(V3<=2.5,"低","中")) -> 中 | X3: =VLOOKUP(R3&W3,红绿灯对照表!$C$2:$D$11,2,0) -> 2 | Y3: 2 | Z3: 1 | AA3: 3 | AB3: =SUM(Y3:AA3) -> 6 | AC3: =IF(AB3>8,"高",IF(AB3<6,"低","中")) -> 中 | AD3: 责任 包容 抗压 | AE3: 自信 条理性 方法论学习 | AF3: abi维护，精益管理专案 | AG3: 赋予挑战性工作 | AH3: 低 | AI3: 高 | AJ3: 否 | AK3: 袁江、许吉
A4: 杨雪儿 | B4: 产品经理 | C4: =YEAR(NOW())-_xlfn.NUMBERVALUE(LEFT(E4,4)) -> 36 | D4: =YEAR(NOW())-_xlfn.NUMBERVALUE(LEFT(I4,4)) -> 13 | E4: 1990-12-17 | F4: 本科 | G4: 四川农业大学 | H4: 园林 | I4: 2013/7/1 | M4: 5 | N4: 7 | O4: 6 | P4: 6 | Q4: =AVERAGE(M4:P4) -> 6 | R4: =IF(Q4>=4.75,"高",IF(Q4<=2.5,"低","中")) -> 高 | S4: 5 | T4: 6 | U4: 6 | V4: =AVERAGE(S4:U4) -> 5.6666667 | W4: =IF(V4>=4.75,"高",IF(V4<=2.5,"低","中")) -> 高 | X4: =VLOOKUP(R4&W4,红绿灯对照表!$C$2:$D$11,2,0) -> 1 | Y4: 3 | Z4: 3 | AA4: 3 | AB4: =SUM(Y4:AA4) -> 9 | AC4: =IF(AB4>8,"高",IF(AB4<6,"低","中")) -> 高 | AD4: 责任 创新 细致 方法论 | AE4: 领导力 | AF4: 产品设计、精益管理专案、材料输出 | AG4: 赋予挑战性工作 | AH4: 低 | AI4: 中 | AJ4: 是 | AK4: 张吉峰
A5: 欧强 | B5: 后端开发工程师 | C5: =YEAR(NOW())-_xlfn.NUMBERVALUE(LEFT(E5,4)) -> 36 | D5: =YEAR(NOW())-_xlfn.NUMBERVALUE(LEFT(I5,4)) -> 8 | E5: 1990-03-02 | F5: 高中 | G5: 重庆市字水中学 | I5: 2018/10/1 | M5: 4 | N5: 5 | O5: 4 | P5: 5 | Q5: =AVERAGE(M5:P5) -> 4.5 | R5: =IF(Q5>=4.75,"高",IF(Q5<=2.5,"低","中")) -> 中 | S5: 4 | T5: 6 | U5: 5 | V5: =AVERAGE(S5:U5) -> 5 | W5: =IF(V5>=4.75,"高",IF(V5<=2.5,"低","中")) -> 高 | X5: =VLOOKUP(R5&W5,红绿灯对照表!$C$2:$D$11,2,0) -> 2+ | Y5: 3 | Z5: 2 | AA5: 3 | AB5: =SUM(Y5:AA5) -> 8 | AC5: =IF(AB5>8,"高",IF(AB5<6,"低","中")) -> 中 | AD5: 责任 好奇 | AE5: 理解力 影响力 | AF5: 服务器运维，后端开发 | AG5: 扩大职责 | AH5: 低 | AI5: 高 | AJ5: 是 | AK5: 李弦
A6: 覃益佳 | B6: 后端开发工程师 | C6: =YEAR(NOW())-_xlfn.NUMBERVALUE(LEFT(E6,4)) -> 32 | D6: =YEAR(NOW())-_xlfn.NUMBERVALUE(LEFT(I6,4)) -> 9 | E6: 1994-04-27 | F6: 大专 | G6: 四川航天职业技术学天 | H6: 飞行器制造工艺 | I6: 2017/6/30 | J6: 本科 | K6: 四川航天职业技术学天 | L6: 机械设计制造及其自动化 | M6: 3 | N6: 2 | O6: 2 | P6: 1 | Q6: =AVERAGE(M6:P6) -> 2 | R6: =IF(Q6>=4.75,"高",IF(Q6<=2.5,"低","中")) -> 低 | S6: 3 | T6: 4 | U6: 2 | V6: =AVERAGE(S6:U6) -> 3 | W6: =IF(V6>=4.75,"高",IF(V6<=2.5,"低","中")) -> 中 | X6: =VLOOKUP(R6&W6,红绿灯对照表!$C$2:$D$11,2,0) -> 4 | Y6: 1 | Z6: 1 | AA6: 2 | AB6: =SUM(Y6:AA6) -> 4 | AC6: =IF(AB6>8,"高",IF(AB6<6,"低","中")) -> 低 | AD6: 稳定 | AE6: 技术能力 职业抱负 | AF6: 后端开发 | AG6: 保持现状、择机替换 | AH6: 低 | AI6: 低 | AJ6: 否 | AK6: 欧强
A7: 叶维政 | B7: 前端开发工程师 | C7: =YEAR(NOW())-_xlfn.NUMBERVALUE(LEFT(E7,4)) -> 30 | D7: =YEAR(NOW())-_xlfn.NUMBERVALUE(LEFT(I7,4)) -> 8 | E7: 1996-02-08 | F7: 本科 | G7: 西南科技大学 | H7: 信息安全 | I7: 2018/6/1 | M7: 4 | N7: 4 | O7: 3 | P7: 3 | Q7: =AVERAGE(M7:P7) -> 3.5 | R7: =IF(Q7>=4.75,"高",IF(Q7<=2.5,"低","中")) -> 中 | S7: 4 | T7: 4 | U7: 3 | V7: =AVERAGE(S7:U7) -> 3.6666667 | W7: =IF(V7>=4.75,"高",IF(V7<=2.5,"低","中")) -> 中 | X7: =VLOOKUP(R7&W7,红绿灯对照表!$C$2:$D$11,2,0) -> 2 | Y7: 3 | Z7: 1 | AA7: 3 | AB7: =SUM(Y7:AA7) -> 7 | AC7: =IF(AB7>8,"高",IF(AB7<6,"低","中")) -> 中 | AD7: 好奇 | AE7: 专注 效率 细节 | AF7: 前端开发 | AG7: 向高手学习 | AH7: 低 | AI7: 低 | AJ7: 否 | AK7: 徐雨濛
A8: 袁江 | B8: 前端开发工程师 | C8: =YEAR(NOW())-_xlfn.NUMBERVALUE(LEFT(E8,4)) -> 27 | D8: =YEAR(NOW())-_xlfn.NUMBERVALUE(LEFT(I8,4)) -> 5 | E8: 1999-03-19 | F8: 本科 | G8: 攀枝花学院 | H8: 计算机科学与技术 | I8: 2021/6/30 | M8: 3 | N8: 3 | O8: 1 | P8: 1 | Q8: =AVERAGE(M8:P8) -> 2 | R8: =IF(Q8>=4.75,"高",IF(Q8<=2.5,"低","中")) -> 低 | S8: 2 | T8: 4 | U8: 3 | V8: =AVERAGE(S8:U8) -> 3 | W8: =IF(V8>=4.75,"高",IF(V8<=2.5,"低","中")) -> 中 | X8: =VLOOKUP(R8&W8,红绿灯对照表!$C$2:$D$11,2,0) -> 4 | Y8: 1 | Z8: 1 | AA8: 2 | AB8: =SUM(Y8:AA8) -> 4 | AC8: =IF(AB8>8,"高",IF(AB8<6,"低","中")) -> 低 | AD8: 稳定 | AE8: 技术能力 业务理解 | AF8: abi维护，前端开发 | AG8: 保持现状、择机替换 | AH8: 低 | AI8: 低 | AJ8: 否 | AK8: 褚宏豪
A9: 徐雨濛 | B9: 前端开发工程师 | C9: =YEAR(NOW())-_xlfn.NUMBERVALUE(LEFT(E9,4)) -> 29 | D9: =YEAR(NOW())-_xlfn.NUMBERVALUE(LEFT(I9,4)) -> 6 | E9: 1997-03-21 | F9: 本科 | G9: 西华大学 | H9: 物联网工程 | I9: 2020/6/30 | M9: 3 | N9: 3 | O9: 4 | P9: 3 | Q9: =AVERAGE(M9:P9) -> 3.25 | R9: =IF(Q9>=4.75,"高",IF(Q9<=2.5,"低","中")) -> 中 | S9: 3 | T9: 4 | U9: 3 | V9: =AVERAGE(S9:U9) -> 3.3333333 | W9: =IF(V9>=4.75,"高",IF(V9<=2.5,"低","中")) -> 中 | X9: =VLOOKUP(R9&W9,红绿灯对照表!$C$2:$D$11,2,0) -> 2 | Y9: 2 | Z9: 1 | AA9: 2 | AB9: =SUM(Y9:AA9) -> 5 | AC9: =IF(AB9>8,"高",IF(AB9<6,"低","中")) -> 低 | AD9: 客户意识 稳定 | AE9: 效率 细节 | AF9: 前端开发 | AG9: 导师带教 | AH9: 低 | AI9: 低 | AJ9: 否 | AK9: 叶维政
A10: 周玉顺 | B10: 实施工程师 | C10: =YEAR(NOW())-_xlfn.NUMBERVALUE(LEFT(E10,4)) -> 27 | D10: =YEAR(NOW())-_xlfn.NUMBERVALUE(LEFT(I10,4)) -> 4 | E10: 1999-02-10 | F10: 本科 | G10: 昆明理工大学 | H10: 测控技术与仪器 | I10: 2022/6/30 | M10: 3 | N10: 3 | O10: 3 | P10: 3 | Q10: =AVERAGE(M10:P10) -> 3 | R10: =IF(Q10>=4.75,"高",IF(Q10<=2.5,"低","中")) -> 中 | S10: 4 | T10: 4 | U10: 4 | V10: =AVERAGE(S10:U10) -> 4 | W10: =IF(V10>=4.75,"高",IF(V10<=2.5,"低","中")) -> 中 | X10: =VLOOKUP(R10&W10,红绿灯对照表!$C$2:$D$11,2,0) -> 2 | Y10: 2 | Z10: 1 | AA10: 3 | AB10: =SUM(Y10:AA10) -> 6 | AC10: =IF(AB10>8,"高",IF(AB10<6,"低","中")) -> 中 | AD10: 稳定 抗压 | AE10: 技术能力 表达能力 | AF10: 承德智慧电厂交付、监盘模型开发 | AG10: 导师带教 | AH10: 低 | AI10: 中 | AJ10: 是 | AK10: 欧强
A11: 曹阳 | B11: 实施工程师 | C11: =YEAR(NOW())-_xlfn.NUMBERVALUE(LEFT(E11,4)) -> 40 | D11: =YEAR(NOW())-_xlfn.NUMBERVALUE(LEFT(I11,4)) -> 18 | E11: 1986-09-15 | F11: 大专 | G11: 成都职业技术学院 | H11: 计算机网络技术 | I11: 2008/7/1 | M11: 3 | N11: 4 | O11: 3 | P11: 2 | Q11: =AVERAGE(M11:P11) -> 3 | R11: =IF(Q11>=4.75,"高",IF(Q11<=2.5,"低","中")) -> 中 | S11: 4 | T11: 3 | U11: 4 | V11: =AVERAGE(S11:U11) -> 3.6666667 | W11: =IF(V11>=4.75,"高",IF(V11<=2.5,"低","中")) -> 中 | X11: =VLOOKUP(R11&W11,红绿灯对照表!$C$2:$D$11,2,0) -> 2 | Y11: 1 | Z11: 1 | AA11: 2 | AB11: =SUM(Y11:AA11) -> 4 | AC11: =IF(AB11>8,"高",IF(AB11<6,"低","中")) -> 低 | AD11: 稳定 能把自己能做的事完成 | AE11: 突破边界 | AF11: 工业电视项目交付、机房、网络维护 | AG11: 保持现状 | AH11: 低 | AI11: 高 | AJ11: 是 | AK11: 周玉顺
A12: 许吉 | B12: 实施工程师 | C12: =YEAR(NOW())-_xlfn.NUMBERVALUE(LEFT(E12,4)) -> 29 | D12: =YEAR(NOW())-_xlfn.NUMBERVALUE(LEFT(I12,4)) -> 6 | E12: 1997-05-27 | F12: 本科 | G12: 西华大学 | H12: 信息与计算科学 | I12: 2020/7/1 | M12: 4 | N12: 3 | O12: 4 | P12: 3 | Q12: =AVERAGE(M12:P12) -> 3.5 | R12: =IF(Q12>=4.75,"高",IF(Q12<=2.5,"低","中")) -> 中 | S12: 4 | T12: 5 | U12: 5 | V12: =AVERAGE(S12:U12) -> 4.6666667 | W12: =IF(V12>=4.75,"高",IF(V12<=2.5,"低","中")) -> 中 | X12: =VLOOKUP(R12&W12,红绿灯对照表!$C$2:$D$11,2,0) -> 2 | Y12: 2 | Z12: 2 | AA12: 3 | AB12: =SUM(Y12:AA12) -> 7 | AC12: =IF(AB12>8,"高",IF(AB12<6,"低","中")) -> 中 | AD12: 责任 业务理解 | AE12: 系统思维 | AF12: ncc系统运维、精益管理专案 | AG12: 赋予挑战性工作 | AH12: 中 | AI12: 高 | AJ12: 是 | AK12: 外招
A20: 智能化中心研发人员红绿灯分布比例分析
A21: 红绿灯定位 | B21: 实际人数 | C21: 比例 | D21: 理想比例
A22: 1 | B22: =COUNTIF(X:X,A22) -> 1 | C22: =B22/B28 -> 0.090909091 | D22: 0.1
A23: 2+ | B23: =COUNTIF(X:X,A23) -> 1 | C23: =B23/B28 -> 0.090909091 | D23: 0.15
A24: 2 | B24: =COUNTIF(X:X,A24) -> 7 | C24: =B24/B28 -> 0.63636364 | D24: 0.45
A25: 3 | B25: =COUNTIF(X:X,A25) -> 0 | C25: =B25/B28 -> 0 | D25: 0.15
A26: 4 | B26: =COUNTIF(X:X,A26) -> 2 | C26: =B26/B28 -> 0.18181818 | D26: 0.1
A27: 5 | B27: =COUNTIF(X:X,A27) -> 0 | C27: =B27/B28 -> 0 | D27: 0.05
A28: 总数 | B28: =SUM(B22:B27) -> 11 | C28: =B28/B28 -> 1 | D28: =SUM(D22:D27) -> 1

Sheet 红绿灯对照表
A1: 红绿灯索引表 | F1: 不同人员任用建议
A2: 素质 | B2: 绩效 | C2: 索引 | D2: 红绿灯定位 | F2: 盘点 | G2: 人才 | H2: 人力资源关注度 | I2: 人力资源工作的介入方式
A3: 高 | B3: 高 | C3: 高高 | D3: 1 | F3: 结果 | G3: 定位 | I3: 岗位调整计划 | J3: 培养发展方式
A4: 中 | B4: 高 | C4: 中高 | D4: 2+ | F4: 1 | G4: 超级明星 | H4: 个体性高度关注，作为上级岗位继任者 | I4: 1年内可晋升 | J4: 快速晋升、轮岗、扩大工作职责、授权，确保薪酬领先性
A5: 高 | B5: 中 | C5: 高中 | D5: 2+ | F5: 2+ | G5: 核心骨干 | H5: 个体性高度关注，作为高潜力后备人才 | I5: 1年以上，2年内可晋升 | J5: 谨慎规划下个晋升目标、轮岗、扩大工作职责、授权，确保薪酬竞争性
A6: 低 | B6: 高 | C6: 低高 | D6: 4 | F6: 2 | G6: 中坚力量 | H6: 整体性一般关注 | I6: 保持不变 | J6: 应重点开发、培训、使其转化成明星
A7: 中 | B7: 中 | C7: 中中 | D7: 2 | F7: 3 | G7: 业绩不佳但素质尚可 | H7: 个体性重点关注，判断是否需转岗 | I7: 必要时转岗 | J7: 警告或激励，明确改进要求，评估是否适应其他环境或岗位，无迅速改进者应剥离组织或降级
A8: 低 | B8: 中 | C8: 低中 | D8: 4 | F8: 4 | G8: 素质不佳但业绩尚可 | H8: 个体性一般关注，判断是否有培养潜力以及发展为导师的可能性 | I8: 保持不变 | J8: 给予认可，减少管理职责，培训，采用平移方式来保持工作积极性，可考虑剥离出组织
A9: 高 | B9: 低 | C9: 高低 | D9: 3 | F9: 5 | G9: 失败者 | H9: 个体性重点关注，判断是否应淘汰 | I9: 或淘汰 | J9: 尽快剥离出组织
A10: 中 | B10: 低 | C10: 中低 | D10: 3
A11: 低 | B11: 低 | C11: 低低 | D11: 5
B15: 高 | D15: 2+ | E15: 1 | G15: 盘点 | H15: 人才 | I15: 定义
C16: 3 | D16: 核心骨干 | E16: 超级明星 | G16: 结果 | H16: 定位 | I16: 对内 | J16: 对外
C17: 业绩不佳但 | D17: 0.15 | E17: 0.1 | G17: 1 | H17: 超级明星 | I17: 胜任此级别工作并有非常大的发展潜力 | J17: 对比其它公司同岗位人员能建立明显竞争优势
A18: 素质 | B18: 中 | C18: 素质尚可 | D18: 2 | E18: 2+ | G18: 2+ | H18: 核心骨干 | I18: 胜任本级别工作，有较大的跨职能、跨职能模块灵活性，重点改进后还有较大发展 | J18: 能够建立一定的竞争优势不会导致竞争劣势
C19: 0.15 | D19: 中坚力量 | E19: 核心骨干 | G19: 2 | H19: 中坚力量 | I19: 胜任本岗位,有一定的跨职能、跨模块的适应性，重点改进后有一定的发展 | J19: 不能建立一定的竞争优势；可预见的短期内不会造成竞争劣势
D20: 0.45 | E20: 0.15 | G20: 3 | H20: 业绩不佳但有能力 | I20: 有潜力胜任现岗但目前还不能胜任或不适合 | J20: 有竞争劣势，但有改善的余地（通过经验积累或换到其它岗位）
B21: 低 | C21: 5 | D21: 4 | G21: 4 | H21: 表现尚可 但能力一般 | I21: 胜任本岗位工作，到其它岗位的灵活性一般，但进一步发展的潜力极其有限 | J21: 没有竞争优势；在可见的未来内会造成竞争劣势
C22: 失败者 | D22: 表现尚可但能力一般 | G22: 5 | H22: 失败者 | I22: 不胜任现岗，也不具备发展提高的潜力 | J22: 能明显导致竞争劣势，也不具备发展提高的潜力
C23: 0.05 | D23: 0.1
C24: 低 | D24: 中 | E24: 高
D25: 业绩

Sheet 素质
A1: 分类 | B1: 素质项 | C1: 定义 | D1: 0-1分（待发展） | E1: 2-3分（合格） | F1: 4-5分（优秀） | G1: 6-7分（卓越）
A2: 通用 | B2: 诚信 | C2: 不怀恶意，与人为善，诚信正直 | D2: 偶有偏差，不能说到做到，掩饰问题，对不良行为不管不问 | E2: 言行合一：遵守承诺，说到做到，善待他人 | F2: 助人为乐：坚持原则，讲真话，真心实意帮助他人，并获得快乐 | G2: 止恶扬善：制止他人错误，面对极大困难时仍能信守承诺，面对诱惑时恪守奉公，是企业中的榜样
B3: 责任 | C3: 拥有勇气，面对困境主动承担责任，保持理性，耐性，积极自我调节，坚持目标不动摇 | D3: 面对失败和打击容易灰心丧气，需要一段时间才能恢复，再次面对类似问题时选择逃避 | E3: 不言放弃：面对困难和压力时，不轻言放弃，主动寻求帮助，坚持完成工作 | F3: 超越自我：面对失败主动承担，自我激励，坦然接受艰难的工作环境和强度大的工作，保持前进动力 | G3: 树立标杆：将压力视为动力，有强烈的目标感和必达目标的信心，影响团队形成永不退缩的毅力与决心
B4: 协同 | C4: 以他人需求作为思考和行动的指南，尽心尽责为他人提供满意的服务。 他人包括客户、下游、团队 | D4: 以自我为中心，对他人提出的需求不积极、不热情，响应速度慢，缺乏对用户需求的充分关注、理解，较少关注工作过程中的细节，无法满足用户 | E4: 积极响应：能够及时响应他人的需求，主动调整工作方式以满足需求，严格要求自身工作，保证工作质量，并被他人认可 | F4: 100%满意：主动接触用户，准确理解他人需求，及时且专业地处理问题，遇到困难时不推诿，有担当，被他人信赖 | G4: 超越期望：精准挖掘、甚至预测他人深层次需求，主动出击，带领团队提供超出他人期待的服务，深受信赖
B5: 创新 | C5: 保持开放心态，不断学习成长，从意识到行为由内而外不断迭代 | D5: 惯用旧有的思维解决问题，畏惧变化或对外界变化无感知，缺乏创新性思维 | E5: 接受适应：理性对待变化，主动了解、配合拥抱变化，并提出优化建议及解决方案 | F5: 推陈出新：主动更新迭代，知识结构、思维模式、工作方法，并正面引导和带动同事产出新成果 | G5: 突破创新：具有前瞻性知识结构、思维模式、工作方法，并推动组织进步，取得行业领先的成果

Sheet 业绩
A1: 定义 | B1: 0-1分 | C1: 2-3分 | D1: 4-5分 | E1: 6-7分
A2: 工作贡献度 | B2: 岗位工作贡献远未达到预期 | C2: 岗位工作贡献勉强达到预期 | D2: 岗位工作贡献达到预期 | E2: 岗位工作贡献超出预期
A3: 工作及时性 | B3: 工作几乎不能及时完成，常出现拖延 | C3: 部分工作能按时完成，偶尔出现拖延 | D3: 大部分情况下能按时完成工作 | E3: 工作都能及时或提前完成
A4: 工作质量 | B4: 工作质量都达不到期望，不符合岗位要求 | C4: 工作质量勉强符合要求 | D4: 工作质量符合期望，能够满足岗位要求 | E4: 工作质量超出预期，完全胜任岗位要求

Sheet 潜力
A1: 潜力标准 | B1: 定义 | C1: 行为要求 | D1: 评价方法
A2: 学习敏捷度 | B2: 能够快速学习新事物，并能快速适应各种具有挑战性的新环境 | C2: 1. 自信但不自大 | D2: 1.共三项潜力标准，每个潜力标准下分为7个行为要求 2.单个潜力标准下： 满足0-3个行为要求，为“低”，1分 满足4-5个行为要求，为“中”，2分 满足6-7个行为要求，为“高”，3分
C3: 2. 能从错误和失败经历中吸取教训并快速纠正——显示出较强的适应力
C4: 3. 敢于尝试改变：经常率先采用新技术和流程
C5: 4.理解他人的需求和关注点
C6: 5.能快速掌握新领域的专业知识
C7: 6.困难环境下表现镇定
C8: 7.能够将所学快速运用到实际工作中，并取得成果
A9: 职业抱负 | B9: 显示出承担更大职责和担任更高领导职位的潜力 | C9: 1.设立高难度目标并为之倾注全力
C10: 2.接受极富挑战性的任务，并高效达成
C11: 3.努力工作以寻求更高的职业发展
C12: 4.积极影响和激励他人
C13: 5.可以担任更多工作内容或更大工作范围的领导角色
C14: 6.显示出高层领导的勇气——无惧在适当的时候拒绝或反对他人
C15: 7.能站在超出本岗位的视角考虑问题，具备全局观
A16: 敬业度 | B16: 对岗位和公司表现出较强的认同感和归属感 | C16: 1.期望长久服务于公司
C17: 2.始终专注于结果和目标
C18: 3.在工作中“奉献更多”
C19: 4.在工作中具有主人翁意识，尽职尽责
C20: 5.在公司工作享受这个过程
C21: 6.根据公司安排，接受跨地区、跨部门调配
C22: 7.付出额外努力，帮助公司达成目标
